{
    "calibration_successful": true,
    "intrinsic_parameters": {
        "focal_length_pixels": [
            419.68836947413877,
            419.27584935513886
        ],
        "principal_point_pixels": [
            251.15097335267112,
            169.81183129203026
        ],
        "skew_coefficient": 0.0
    },
    "distortion_coefficients": {
        "all_coeffs_k1k2p1p2k3": [
            -0.4300473428119045,
            0.2574518570016593,
            0.009044012052736099,
            0.003088112055582223,
            -0.10022119355989736
        ]
    },
    "reprojection_error_pixels": 0.01177388639628564,
    "extrinsic_parameters": {
        "rotation_matrix": [
            [
                0.999487671568025,
                -0.020103039620436313,
                -0.02490506337166979
            ],
            [
                0.021255167588925653,
                0.9986737002032466,
                0.0468941187476911
            ],
            [
                0.02392931746403154,
                -0.0473994548531419,
                0.9985893447485461
            ]
        ],
        "translation_vector_units": [
            3.2429421907392704,
            3.4140791322487267,
            18.46872806322267
        ]
    }
}