{
    "intrinsic_parameters": {
        "focal_length_pixels": [
            1182.6966460440044,
            1181.4151199960859
        ],
        "principal_point_pixels": [
            604.4908517599312,
            767.6260552904082
        ],
        "skew_coefficient": 0.0
    },
    "distortion_coefficients": {
        "radial_k1_k2_k3": [
            0.08262473753372249,
            -0.5574403532935646,
            -0.005465561781402391
        ],
        "tangential_p1_p2": [
            -0.005465561781402391,
            -0.007219773895660644
        ],
        "all_coeffs": [
            0.08262473753372249,
            -0.5574403532935646,
            -0.005465561781402391,
            -0.007219773895660644,
            0.48042357128324736
        ]
    },
    "reprojection_error_stats": {
        "mean_error_pixels": 0.251412848924522,
        "std_dev_error_pixels": 0.1948158888874272,
        "per_image_error_pixels": [
            0.18467880529609965,
            0.2632632250578783,
            0.44525050886009154,
            0.18559641622046755,
            0.8421262179761914,
            0.1627887220069458,
            0.07361099899206035,
            0.7004150962345627,
            0.22031345229903937,
            0.18559641622046755,
            0.12444213393928037,
            0.29498420875129555,
            0.1627887220069458,
            0.2714245845274401,
            0.09253520364586479,
            0.12996651415721638,
            0.08814988944326882,
            0.12444213393928037,
            0.11293555685009482,
            0.2714245845274401,
            0.17496844637066447,
            0.30188442602508425,
            0.04853748525375295,
            0.21470709990494563,
            0.6084903746066704
        ]
    },
    "extrinsic_parameters": [
        {
            "image_id": 1,
            "filename": "1.jpg",
            "rotation_matrix": [
                [
                    -0.06181433885065603,
                    -0.9432466624886006,
                    0.3262893213339537
                ],
                [
                    0.997353467408535,
                    -0.045837972450416604,
                    0.05643528443985221
                ],
                [
                    -0.038275952772314575,
                    0.3289142958062947,
                    0.943583773415811
                ]
            ],
            "translation_vector_units": [
                3.037900507379609,
                -4.208737525503666,
                12.34267813826971
            ]
        },
        {
            "image_id": 2,
            "filename": "10.jpg",
            "rotation_matrix": [
                [
                    -0.03635146438562413,
                    -0.9986180349748549,
                    0.03795512165676615
                ],
                [
                    0.9472975789310741,
                    -0.046530128897796744,
                    -0.31695779538619906
                ],
                [
                    0.3182858275015492,
                    0.02443291484276164,
                    0.9476798851320736
                ]
            ],
            "translation_vector_units": [
                3.6431041325061027,
                -2.259332909286122,
                9.34064207563863
            ]
        },
        {
            "image_id": 3,
            "filename": "11.jpg",
            "rotation_matrix": [
                [
                    0.023390907910329037,
                    -0.899047992765748,
                    -0.4372248530573372
                ],
                [
                    0.9994038477131619,
                    0.009919901400173181,
                    0.033068787887341744
                ],
                [
                    -0.025393199941276867,
                    -0.43773770943350365,
                    0.8987440587490144
                ]
            ],
            "translation_vector_units": [
                2.6877091070077843,
                -3.5093006729828673,
                10.96868484804233
            ]
        },
        {
            "image_id": 4,
            "filename": "12.jpg",
            "rotation_matrix": [
                [
                    -0.022076467303530654,
                    -0.9864342630638306,
                    0.16266552875490586
                ],
                [
                    0.9641677477509784,
                    0.02201847057124993,
                    0.2643780269812686
                ],
                [
                    -0.264373190373384,
                    0.16267338936476355,
                    0.9506020116770099
                ]
            ],
            "translation_vector_units": [
                2.290680444466066,
                -5.765281938441678,
                12.116235280877525
            ]
        },
        {
            "image_id": 5,
            "filename": "13.jpg",
            "rotation_matrix": [
                [
                    -0.9955882772514381,
                    0.0932392148656655,
                    -0.010508616024390533
                ],
                [
                    -0.08675259199305743,
                    -0.8720359346600508,
                    0.4816921386571072
                ],
                [
                    0.03574870601853895,
                    0.4804786961695658,
                    0.8762774974545419
                ]
            ],
            "translation_vector_units": [
                6.163591606838802,
                -0.6699399751023919,
                10.039888525226932
            ]
        },
        {
            "image_id": 6,
            "filename": "14.jpg",
            "rotation_matrix": [
                [
                    -0.07269470259661621,
                    -0.9960994163539918,
                    -0.050014327483496934
                ],
                [
                    0.9733155015409427,
                    -0.08179687366689133,
                    0.21439730856152533
                ],
                [
                    -0.21765204955270417,
                    -0.033094171655437696,
                    0.9754652024177738
                ]
            ],
            "translation_vector_units": [
                3.8343203318671066,
                -5.305336881945303,
                13.66903031859838
            ]
        },
        {
            "image_id": 7,
            "filename": "15.jpg",
            "rotation_matrix": [
                [
                    -0.11553147095209006,
                    -0.9744507170899711,
                    -0.19260913577109307
                ],
                [
                    0.9933020130677831,
                    -0.11296857254012012,
                    -0.02427369880626591
                ],
                [
                    0.0018947440819452183,
                    -0.19412341842520858,
                    0.9809752842777311
                ]
            ],
            "translation_vector_units": [
                2.51019217492809,
                -4.840300337062439,
                25.02355412182375
            ]
        },
        {
            "image_id": 8,
            "filename": "16.jpg",
            "rotation_matrix": [
                [
                    -0.8402487028610457,
                    0.20459370987189607,
                    0.5021190408869041
                ],
                [
                    -0.07580704477820872,
                    -0.9613081990525307,
                    0.26483926898474563
                ],
                [
                    0.5368755994663239,
                    0.18446669161459534,
                    0.8232476118291756
                ]
            ],
            "translation_vector_units": [
                3.623375118862439,
                -0.04931326197971671,
                8.270622721177553
            ]
        },
        {
            "image_id": 9,
            "filename": "17.jpg",
            "rotation_matrix": [
                [
                    -0.03764446922671322,
                    -0.9991021647227056,
                    -0.019436007384299923
                ],
                [
                    0.9992897937769833,
                    -0.03766987578606347,
                    0.0009426088353928427
                ],
                [
                    -0.0016739145118713286,
                    -0.01938671980160822,
                    0.9998106586276928
                ]
            ],
            "translation_vector_units": [
                3.2488647674595184,
                -3.7736920234405127,
                10.289712493662382
            ]
        },
        {
            "image_id": 10,
            "filename": "18.jpg",
            "rotation_matrix": [
                [
                    -0.022076467303530654,
                    -0.9864342630638306,
                    0.1626655287549059
                ],
                [
                    0.9641677477509784,
                    0.02201847057124993,
                    0.2643780269812686
                ],
                [
                    -0.264373190373384,
                    0.16267338936476355,
                    0.9506020116770099
                ]
            ],
            "translation_vector_units": [
                2.290680444466066,
                -5.765281938441678,
                12.116235280877525
            ]
        },
        {
            "image_id": 11,
            "filename": "19.jpg",
            "rotation_matrix": [
                [
                    -0.6979741562324892,
                    -0.7090691482465831,
                    -0.10026475071733837
                ],
                [
                    0.7118270618543313,
                    -0.7022661970730603,
                    0.011154481627207807
                ],
                [
                    -0.07832184397328001,
                    -0.06358562300871876,
                    0.9948982648005867
                ]
            ],
            "translation_vector_units": [
                5.852104505274671,
                -1.0271601406745914,
                16.59327093634209
            ]
        },
        {
            "image_id": 12,
            "filename": "2.jpg",
            "rotation_matrix": [
                [
                    0.00691672048291847,
                    0.9999635790475412,
                    -0.00499995561912453
                ],
                [
                    -0.8473514738092305,
                    0.008516000777776395,
                    0.5309641772888997
                ],
                [
                    0.5309874186937826,
                    0.0005641889620958684,
                    0.8473795152584992
                ]
            ],
            "translation_vector_units": [
                -1.8458345091746533,
                2.6646843459258753,
                10.372737667203268
            ]
        },
        {
            "image_id": 13,
            "filename": "20.jpg",
            "rotation_matrix": [
                [
                    -0.07269470259661621,
                    -0.9960994163539918,
                    -0.05001432748349695
                ],
                [
                    0.9733155015409427,
                    -0.08179687366689131,
                    0.21439730856152536
                ],
                [
                    -0.21765204955270423,
                    -0.03309417165543768,
                    0.9754652024177738
                ]
            ],
            "translation_vector_units": [
                3.8343203318671066,
                -5.305336881945303,
                13.66903031859838
            ]
        },
        {
            "image_id": 14,
            "filename": "21.jpg",
            "rotation_matrix": [
                [
                    -0.0552843358599896,
                    -0.9690231588644184,
                    0.2407026376941978
                ],
                [
                    0.9959352434446999,
                    -0.03634877408356722,
                    0.08241211978446072
                ],
                [
                    -0.0711100068433858,
                    0.24428033937885013,
                    0.9670938334617214
                ]
            ],
            "translation_vector_units": [
                2.8159078116436858,
                -3.758062467621032,
                12.93324951116938
            ]
        },
        {
            "image_id": 15,
            "filename": "22.jpg",
            "rotation_matrix": [
                [
                    -0.998228757198469,
                    0.053750530650367626,
                    0.025499583463342117
                ],
                [
                    -0.05311164970056234,
                    -0.9982729938867538,
                    0.02510343288201808
                ],
                [
                    0.026804868365370053,
                    0.023704643662816806,
                    0.9993595893874906
                ]
            ],
            "translation_vector_units": [
                4.752020727011914,
                3.990262563077534,
                15.939271108790365
            ]
        },
        {
            "image_id": 16,
            "filename": "23.jpg",
            "rotation_matrix": [
                [
                    -0.899382220768419,
                    -0.43371229154616203,
                    -0.054820334981135616
                ],
                [
                    0.43232892074641566,
                    -0.901013039961278,
                    0.03559783850146107
                ],
                [
                    -0.06483305678360746,
                    0.008315646788648247,
                    0.9978614757402855
                ]
            ],
            "translation_vector_units": [
                6.71630297066361,
                1.4929517234799154,
                16.204023155102494
            ]
        },
        {
            "image_id": 17,
            "filename": "24.jpg",
            "rotation_matrix": [
                [
                    -0.8887964538659648,
                    0.4530322693130063,
                    0.06930098524835988
                ],
                [
                    -0.45250453351501535,
                    -0.8914380879466757,
                    0.024037106862789762
                ],
                [
                    0.07266712285238759,
                    -0.009994914661095266,
                    0.9973061671007921
                ]
            ],
            "translation_vector_units": [
                2.0972907254928286,
                4.754222024046021,
                16.258303593517315
            ]
        },
        {
            "image_id": 18,
            "filename": "25.jpg",
            "rotation_matrix": [
                [
                    -0.6979741562324892,
                    -0.7090691482465831,
                    -0.10026475071733837
                ],
                [
                    0.7118270618543313,
                    -0.7022661970730603,
                    0.01115448162720778
                ],
                [
                    -0.07832184397327999,
                    -0.06358562300871877,
                    0.9948982648005867
                ]
            ],
            "translation_vector_units": [
                5.852104505274671,
                -1.0271601406745912,
                16.59327093634209
            ]
        },
        {
            "image_id": 19,
            "filename": "3.jpg",
            "rotation_matrix": [
                [
                    -0.008440402103148375,
                    -0.9934841010872905,
                    -0.11365782198826266
                ],
                [
                    0.9995654727375233,
                    -0.011592541373598992,
                    0.027101267415251214
                ],
                [
                    -0.028242261300199217,
                    -0.11337968897152537,
                    0.9931502508711213
                ]
            ],
            "translation_vector_units": [
                2.5700487397865346,
                -2.386162768306104,
                15.569940721891744
            ]
        },
        {
            "image_id": 20,
            "filename": "4.jpg",
            "rotation_matrix": [
                [
                    -0.05528433585998959,
                    -0.9690231588644184,
                    0.24070263769419786
                ],
                [
                    0.9959352434446999,
                    -0.03634877408356722,
                    0.0824121197844607
                ],
                [
                    -0.07111000684338577,
                    0.24428033937885016,
                    0.9670938334617214
                ]
            ],
            "translation_vector_units": [
                2.815907811643686,
                -3.758062467621032,
                12.93324951116938
            ]
        },
        {
            "image_id": 21,
            "filename": "5.jpg",
            "rotation_matrix": [
                [
                    -0.07085023143103528,
                    -0.9831421858754475,
                    0.16855766686275536
                ],
                [
                    0.9926290906612031,
                    -0.05283426912351369,
                    0.10906891573357227
                ],
                [
                    -0.09832463109151085,
                    0.17504280150360654,
                    0.9796388541511035
                ]
            ],
            "translation_vector_units": [
                4.078793470829181,
                -3.3242385812459183,
                13.312528535788015
            ]
        },
        {
            "image_id": 22,
            "filename": "6.jpg",
            "rotation_matrix": [
                [
                    0.016554450793392406,
                    0.9730413464136372,
                    0.23003584139969535
                ],
                [
                    -0.9925512377600563,
                    -0.011779899225740156,
                    0.12125705915620713
                ],
                [
                    0.12069793113351059,
                    -0.23032970312959647,
                    0.9655983830124835
                ]
            ],
            "translation_vector_units": [
                -2.993121911995541,
                3.075400522439483,
                11.301360307019126
            ]
        },
        {
            "image_id": 23,
            "filename": "7.jpg",
            "rotation_matrix": [
                [
                    -0.011343157129142687,
                    -0.9993769028674776,
                    -0.0334236263943908
                ],
                [
                    0.9981282145677116,
                    -0.009307477743055511,
                    -0.06044367743556525
                ],
                [
                    0.060094925494718045,
                    -0.03404668666802638,
                    0.9976118599218401
                ]
            ],
            "translation_vector_units": [
                1.0954202572874745,
                -4.725794307503388,
                32.25824214819418
            ]
        },
        {
            "image_id": 24,
            "filename": "8.jpg",
            "rotation_matrix": [
                [
                    0.06634304961621738,
                    -0.9686354085997296,
                    -0.23946616665920636
                ],
                [
                    0.957136504645344,
                    -0.006033135309887685,
                    0.28957436480742826
                ],
                [
                    -0.2819367149608456,
                    -0.24841305618901607,
                    0.9267160526676546
                ]
            ],
            "translation_vector_units": [
                0.7459458044127083,
                -7.7187409628590276,
                17.008342583569217
            ]
        },
        {
            "image_id": 25,
            "filename": "9.jpg",
            "rotation_matrix": [
                [
                    -0.9927433389236655,
                    -0.0034104126946651984,
                    -0.12020412683408312
                ],
                [
                    -0.03529512191603386,
                    -0.9473083412005265,
                    0.3183726763728935
                ],
                [
                    -0.11495615421378962,
                    0.32030497307590927,
                    0.9403136747018073
                ]
            ],
            "translation_vector_units": [
                8.670991608052233,
                -0.2899103185374872,
                12.194753249723435
            ]
        }
    ],
    "checkerboard_normals_in_camera_frame": [
        [
            0.3262893213339537,
            0.05643528443985221,
            0.943583773415811
        ],
        [
            0.03795512165676615,
            -0.31695779538619906,
            0.9476798851320736
        ],
        [
            -0.4372248530573372,
            0.033068787887341744,
            0.8987440587490144
        ],
        [
            0.16266552875490586,
            0.2643780269812686,
            0.9506020116770099
        ],
        [
            -0.010508616024390533,
            0.4816921386571072,
            0.8762774974545419
        ],
        [
            -0.050014327483496934,
            0.21439730856152533,
            0.9754652024177738
        ],
        [
            -0.19260913577109307,
            -0.02427369880626591,
            0.9809752842777311
        ],
        [
            0.5021190408869041,
            0.26483926898474563,
            0.8232476118291756
        ],
        [
            -0.019436007384299923,
            0.0009426088353928427,
            0.9998106586276928
        ],
        [
            0.1626655287549059,
            0.2643780269812686,
            0.9506020116770099
        ],
        [
            -0.10026475071733837,
            0.011154481627207807,
            0.9948982648005867
        ],
        [
            -0.00499995561912453,
            0.5309641772888997,
            0.8473795152584992
        ],
        [
            -0.05001432748349695,
            0.21439730856152536,
            0.9754652024177738
        ],
        [
            0.2407026376941978,
            0.08241211978446072,
            0.9670938334617214
        ],
        [
            0.025499583463342117,
            0.02510343288201808,
            0.9993595893874906
        ],
        [
            -0.054820334981135616,
            0.03559783850146107,
            0.9978614757402855
        ],
        [
            0.06930098524835988,
            0.024037106862789762,
            0.9973061671007921
        ],
        [
            -0.10026475071733837,
            0.01115448162720778,
            0.9948982648005867
        ],
        [
            -0.11365782198826266,
            0.027101267415251214,
            0.9931502508711213
        ],
        [
            0.24070263769419786,
            0.0824121197844607,
            0.9670938334617214
        ],
        [
            0.16855766686275536,
            0.10906891573357227,
            0.9796388541511035
        ],
        [
            0.23003584139969535,
            0.12125705915620713,
            0.9655983830124835
        ],
        [
            -0.0334236263943908,
            -0.06044367743556525,
            0.9976118599218401
        ],
        [
            -0.23946616665920636,
            0.28957436480742826,
            0.9267160526676546
        ],
        [
            -0.12020412683408312,
            0.3183726763728935,
            0.9403136747018073
        ]
    ]
}